ctx-lh-lateralorbitofrontal,ctx-lh-parsorbitalis,ctx-lh-frontalpole,ctx-lh-medialorbitofrontal,ctx-lh-parstriangularis,ctx-lh-parsopercularis,ctx-lh-rostralmiddlefrontal,ctx-lh-superiorfrontal,ctx-lh-caudalmiddlefrontal,ctx-lh-precentral,ctx-lh-paracentral,ctx-lh-rostralanteriorcingulate,ctx-lh-caudalanteriorcingulate,ctx-lh-posteriorcingulate,ctx-lh-isthmuscingulate,ctx-lh-postcentral,ctx-lh-supramarginal,ctx-lh-superiorparietal,ctx-lh-inferiorparietal,ctx-lh-precuneus,ctx-lh-cuneus,ctx-lh-pericalcarine,ctx-lh-lateraloccipital,ctx-lh-lingual,ctx-lh-fusiform,ctx-lh-parahippocampal,ctx-lh-entorhinal,ctx-lh-temporalpole,ctx-lh-inferiortemporal,ctx-lh-middletemporal,ctx-lh-bankssts,ctx-lh-superiortemporal,ctx-lh-transversetemporal,ctx-lh-insula,ctx-rh-lateralorbitofrontal,ctx-rh-parsorbitalis,ctx-rh-frontalpole,ctx-rh-medialorbitofrontal,ctx-rh-parstriangularis,ctx-rh-parsopercularis,ctx-rh-rostralmiddlefrontal,ctx-rh-superiorfrontal,ctx-rh-caudalmiddlefrontal,ctx-rh-precentral,ctx-rh-paracentral,ctx-rh-rostralanteriorcingulate,ctx-rh-caudalanteriorcingulate,ctx-rh-posteriorcingulate,ctx-rh-isthmuscingulate,ctx-rh-postcentral,ctx-rh-supramarginal,ctx-rh-superiorparietal,ctx-rh-inferiorparietal,ctx-rh-precuneus,ctx-rh-cuneus,ctx-rh-pericalcarine,ctx-rh-lateraloccipital,ctx-rh-lingual,ctx-rh-fusiform,ctx-rh-parahippocampal,ctx-rh-entorhinal,ctx-rh-temporalpole,ctx-rh-inferiortemporal,ctx-rh-middletemporal,ctx-rh-bankssts,ctx-rh-superiortemporal,ctx-rh-transversetemporal,ctx-rh-insula
0,71.34380921,7.721597518,46.42075932,26.77879445,0.033369665,14.03077718,0,0,9.96E-05,0,0.014982064,0,0,0.002371712,0,0,0.011476323,0.003593454,0.008844953,0.009883921,0.026051358,0.028054355,0.125193059,0.003709909,0,0.61321826,0.266235167,0.000314729,0.040996085,0,4.183163322,0.000504286,38.0415726,0.222939773,0.000450653,0.00102145,0.084516129,0.000371437,0,9.82E-05,0.000300865,0,0,0,0.002778743,0,0,0,0,0,0.000108331,0,0.000255984,0,0.000490256,0.007855763,0.051149987,0,0,0,0.000215773,0.000110914,0,0,0.000451697,0.000257235,0.002424242
61.43006798,0,0.023458445,0.02555341,42.94493844,0.000836353,16.36230495,0.043210961,0,0,0,0,0,0,0.000442184,0,0,0.000909298,0.000631313,0.001129624,0.004052685,0.006650544,0.005349501,0.020786697,0,0,0,0,0,0.002492851,0,0.016808007,0,0.08329214,0.005056357,0.001455251,0.001299123,0.003138486,0,0,0.001665386,0.004304621,0,0,0,0.001029866,0,0,0,0,0,0,0,0.000183942,0,0,0.001484643,0.007375538,0,0,0,0.00044287,0.000150614,0,0,0,0,0.000473541
7.823187282,0.002680965,0,22.58052775,0,0,5.455442584,0.873514116,0,0,0,0,0,0,0,0,0,0,0,0,0,0,0,0,0,0,0,0,0,0,0,0,0,0,0.073150054,0.004156564,5.106890939,0.374668538,0,0,0.003199777,0.003592059,0,0,0,0,0,0,0,0,0,0,0,0,0,0,0,0,0,0,0,0,0,0,0,0,0,0
45.13479624,0.006834051,28.57543221,0,0.000717789,0,0.015768265,3.30008306,0,0,0,38.41680486,0.001230201,0,0.000568666,0,0,0.000254647,0.000217972,0,0.001548227,0.004468122,0.001602681,0.023730747,0.002487906,0,0.021023766,0.317871372,0.000237784,0.005820433,0,0.278589744,0.000351494,4.757898708,0.642785738,0.011456135,2.905545617,50.0399685,0,0,0.016774265,0.03113192,0,0,0,17.0870993,0.001242043,0,0,0,0,0,0,0,0,0.000338009,0.001204094,0.011087704,0.000454994,0,0.000311624,0.020492387,0.009119696,0.005559262,0,0.005042343,0,0.250958204
36.4952363,48.48392613,0.000867303,0.001196315,0,40.54873892,7.70270936,0.015409836,0.00471955,0.010264276,0,0,0,0,0.003901805,0.001125764,0.001567957,0.033591906,0.011220518,0.034772672,0.034433286,0.042139384,0.068981626,0.153006851,0.001471995,0,0,0.000325468,0.00075287,0.014017161,0.000328407,0.449819936,0.018722696,34.9090535,0.00071936,0.000347766,0,0.000215633,0.000523286,0.013972986,0.000580046,0.0017899,0.000186619,0.002259618,0,0.000362845,0,0,0.000986842,0,0,0.000260807,0,0.000479962,0.000330743,0.000794597,0.007738815,0.063176008,0,0,0,0,0.000134165,0.00023385,0,0.000137118,0,0.000794045
0.018277857,0,0,0,55.10588503,0,15.04258226,1.306071678,36.17595593,22.57041252,0.001683704,0,0,0,0.001604922,0.014678099,0.083349613,0.002476627,0.002234756,0.004713854,0.001448855,0.00095816,0.001693719,0.001086012,0,0,0,0,0.000810889,0.090640632,0.080636462,0.413389017,0.004565466,56.07749412,0.000160681,0,0,0,0.012931996,1.014121444,0.003554885,0.240813198,0.130532259,0.169541972,0.00096864,0,0,0,0.000540103,0.000442184,0.00064612,0.001200264,9.21E-05,0.001446445,0,0.000314465,0.000145656,0.000211372,0,0,0,0,0,0,0.000544514,0.000251383,0,0.004034734
16.89129873,19.63933753,5.608253589,0.13035099,10.6067734,24.49516111,0,26.47539501,14.06308766,0.001088816,0,0.000661507,0.000139043,0,0.000134093,0,8.77E-05,0.001017423,0.000228728,0.001237212,0.00069735,0.000437956,0.00166605,0.002523129,0,0,0,0,0,0.000665807,0,0.00519569,0.000294746,0.035814759,0.012471712,0.030313469,0.059089897,0.104994734,0.10592394,0.713116644,0.104522381,0.517298086,0.014372979,0.111879911,0,0.000560381,0.000139645,0,0,0,0.000174558,0,0,9.41E-05,0,0,0.000377911,0.001065089,0,0,0,0,0,0,0,0.002398287,0,0.044163703
0.000290645,0.015545407,0.914004458,7.560099672,0.019918033,1.662053953,26.46435894,0,35.73065636,14.18697603,5.409609836,19.25660523,23.13937189,6.012450907,0.002686891,0.019277929,0.004458084,6.30E-05,5.82E-05,0.095904027,0,0,0,0,0,0,0,0,0.000365152,0.003789879,0.002433301,0.001264183,0.000184069,0.003603063,0.001854163,0.009349504,0.030789145,0.479102256,0.162406382,3.603637504,0.200152207,44.56995717,0.702651858,6.738567322,19.0137905,0.197004814,3.489636153,0.069554031,0.006694488,0.015291254,0.002123894,0.000185983,0.00117934,0.02664401,0,0,0,0,0,0,0,0,0,0.001351788,0.000523013,0.003490955,0,0.059928145
0,0,0,0,0.016518424,47.04325988,14.12364776,33.12704889,0,31.2807651,0.020131042,0,0,0,0,0.003254475,0.003869573,0.000217782,0.000190386,0.000379915,0,0,0,0,0,0,0,0,0.000307992,0.004359615,0.003322259,0.00109535,0,0.011008898,0,0,0,0,0.004112283,0.339653751,0.002117217,0.035027956,0.03183954,0.058745518,0.051933174,0,0,0,0,0,0,0.000211876,0,0,0,0,0,0,0,0,0,0,0,0,0,0,0,0.000587501
9.96E-05,0,0,0,0.008140632,29.89057884,0.002644268,17.13330972,30.32546111,0,68.59641664,0,0.000264971,0.309474706,0.01062264,86.89065352,1.287446293,0.308711576,0.032957245,0.097482395,0,0,0.000448029,0,0,0.000788022,0,0,0.077119811,0.515458918,0.224720545,2.010250899,0.095638171,20.19493645,0,0,0,0,0.000116822,0.024579274,7.49E-05,0.227740506,0.00960729,7.906286844,40.35200195,0,0,0.042716734,0.003342762,5.795018187,0.015236805,0.825938016,0.005626067,0.06279292,0,0,0,0,0,0.000387822,0.000266471,0,0,0.001279109,0.002839442,0.003241626,0.002973241,0.025778733
0,0,0,0,0.000286164,0.001443175,0,5.8300506,0.000759662,32.54163377,0,0,0.204558738,52.53870918,0.015536723,17.95196251,0.015800354,3.061654345,0.003180025,9.735464128,0,0,0,0,0,0.001139601,0,0,0.004012426,0.005142084,0.005354274,0.00154603,0,0.000866457,0,0,0,0,0,0.003703247,0.000119382,1.600835582,0.027956989,11.32504593,130.7576792,0,0.042595149,13.96446099,0.122653317,8.729840082,0.097482436,2.693737374,0.032566087,8.920426169,0,0,0,0,0,0.001089325,0.001584786,0,0.000138696,0.009507763,0.042291704,0.016029506,0.03122748,0.163537756
0.025743828,0,0.03955288,33.19181868,0,0,0.008334987,25.66636594,0,0,0,0,47.70380254,0.02955665,0.00477327,0,0,0,0,0.009525521,0.000449135,0.000524521,0,0,0,0,0,0,0,0,0,0,0,0,0.036007201,0,0.00390625,15.83415113,0.000306701,0.000803751,0.002605944,6.664309372,0,0,0,127.0075188,5.097181511,0.343258107,0.022594311,0,0,0,0,0.011601336,0,0,0,0.000285185,0,0,0,0.000398327,0.000145096,0.000375422,0,0.000742776,0,0.000670241
0,0,0,0.00030755,0,0.000575871,0.002780868,19.3542406,0,0.000132485,0.616014027,25.53257727,0,21.42491269,0.091734575,0.000189036,0.000821355,0.001387925,0,0.948725349,0,0,0,0,0,0,0,0,0,0.000298263,0,0.000933053,0,0,0,0,0,0.002156625,0.001036628,0.005644682,0.000780031,4.610578925,0.000225708,0.000267362,0.031908607,9.467177243,65.03619665,2.259911894,0.100852273,0.000192548,0.000976007,0.000296714,0.000107939,0.258337248,0,0,0,0,0,0,0,0,0,0.000131156,0.001440922,0.001099764,0.00071582,0.000243339
0,0,0,0,0,0.000239923,0,3.839558787,0,0.025354847,44.62854515,0.012909801,20.26076834,0,18.08408091,0.021052632,0.001769259,0.085660561,0,10.73126856,0.001956947,0.000894855,0,0.001078749,0,0,0,0,0,0.001081008,0.001422475,0.002385797,0,0,0,0,0,0,0,0.000738734,0,0.479673029,0.000195103,0.029111369,3.017164064,0.024970273,2.757659073,134.3801012,29.74492341,0.032436104,0.004238217,0.023266761,0.001004066,4.689156627,0.000716717,0,0,0.001043025,0,0.002893833,0,0,0,0.001201995,0.005401512,0.002124646,0.001912046,0.003330211
0.000862441,0.000884369,0,0.001137333,0.00032515,0,0.000268186,0.001473456,0,0.000639918,0.014124294,0.003579952,0.205820722,16.36235708,0,0,0.008027703,0.041777778,0.003964567,60.36664836,0.282286521,0.392689006,0.02500217,9.560774745,0.022671669,5.659363,0.000459137,0,0.003147667,0.007316024,0.008814271,0.016577061,0.003446295,0.001905896,0.00040833,0.002259376,0,0,0.000949517,0,0.000251335,0.003613369,0,0.000258198,0.000356633,0.003821352,0.077958894,0.536777756,54.64984227,0,0.059254639,0.059805881,0.012172088,22.96993558,0.063108852,0.077648962,0.010288809,0.37967993,0.002185991,0.027408994,0.000475059,0,0.000589015,0.00747782,0.100532481,0.081894276,0.037293233,0.050971429
0.000128526,0,0,0,0.00707623,0.039238483,0.000188679,0.026430518,0.00175241,66.71951442,21.50857812,0,0,0.053968254,0.002520025,0,27.90900953,20.37402072,0.3756911,0.791586776,0,0,0.000898674,0,0,0.000186706,0.000187952,0,0.296664912,0.215652346,0.022443439,3.137063577,4.946042797,17.95013624,0,0,0,0,0.000634719,0.001033363,0,0.003658751,0,0.580428893,12.29513159,0,0,0.013737231,0.002173913,2.213334883,0.015488462,1.447603094,0.007575459,0.589427868,0,0,0,0,0,0.00036513,0,0,0.000100669,0.001268978,0.002003643,0.002865036,0.001664932,0.022613901
0.000932618,0,0,0,0.004561328,0.126847692,0.000175477,0.009691488,0.002503841,1.498957757,0.043414058,0,0.000985626,0.013859196,0.061545726,37.34495287,0,48.5344247,30.72172501,0.374029565,0,0,0.003608433,0.000138533,0,0,0,0,0.431848493,6.922830171,9.424594701,13.44885295,5.722232001,6.927680492,0,0,0,0,0,0,0,0.001265823,0.000115794,0.001968167,0.03247331,0,0,0.000617713,0.015512465,0.005745292,0.00531247,0.007034533,0.000965108,0.046074727,0,0,0,0,0,0,0.000165426,0,0,0.000253593,0.005407555,0.009649496,0.00410531,0.009140108
0.001559889,0.000303099,0,0,0.006475548,0.002352795,0.000508712,0.000251976,0,0.953129501,6.14688241,0,0,0.057246326,0.114222222,27.1461208,38.31094481,0,69.15058226,43.9244898,16.52301741,0.38030118,7.167434259,0.047272011,0,0.00015266,0,0,0.109326692,0.091970287,0.020537242,0.161515454,0.043599868,0.007967661,0.000108284,0.000458015,0,0,0,0.000125494,0.000162674,0,0,0.001572457,0.472202773,0,0,0.049036013,0.070742423,0.042568395,0.024093023,0.811337389,0.011321843,0.78418136,0.423260675,0.067673423,0.353244912,0.080981595,0.000101766,0.00014988,0,0,0.00026959,0.002208228,0.016007181,0.023068156,0.0060005,0.040633609
0.000776963,0,0,0,0.005610259,0.002021922,0,0.000174459,9.52E-05,0.055225653,0.014840115,0,0.000128107,0.000235266,0.019451155,0.805243446,32.08167173,69.38074707,0,1.507440543,0.191675231,0.019560557,22.58276406,0.002014099,0.001187497,0.000254065,0,0,4.928078362,27.90395503,18.93147618,0.622769032,0.097033583,0.009435877,0,0,0.000136064,0.000103804,0,0,0,5.98E-05,0,0.001193629,0.012407681,0,0,0,0.003608761,0.003597931,0.000165679,0.00718544,0.000197518,0.014937981,0.023318162,0.003194463,0.036879939,0.000441306,8.97E-05,0,0,0,0,7.38E-05,0.000374719,0.001301977,0.000273187,0.000199332
0.004422477,0.000564812,0,0,0.015508938,0.005155778,0.00038068,0.036401028,0.000253277,0.059557233,12.99540972,0.003055356,0.346705147,13.70267289,63.21746293,0.907791529,0.397532702,32.38030612,0.394641011,0,41.62341803,5.569148388,0.10250298,6.800031603,0.011327742,0.02260853,0,0.00018315,0.035821184,0.123440774,0.118177635,0.395444285,0.087873095,0.016971369,0.000754907,0.004750143,0,0.000142349,0.004026089,0.000898002,0.000545083,0.00786119,0,0.004909226,0.183464298,0.000972101,0.076260525,2.807984961,6.058590511,0.008814197,0.107576878,1.968675418,0.057392687,133.7064135,33.78137128,6.298501376,0.015832363,1.188134149,0.001873646,0.029340761,0,0,0,0.033638026,0.231403428,0.289344559,0.06132626,0.185319865
0.001149293,0,0,0,0.005021521,0,0.00013947,0,0,0,0,0,0,0.000391389,0.669019054,0,0,17.90653772,0.086716341,32.28596271,0,64.91897233,4.615314327,2.114343029,0.002224694,0.001557632,0,0,0.006695634,0.006732999,0.000477327,0.014355934,0.002063983,0.006393862,0.010627915,0.030122046,0,0,0.007311978,0,0.000391134,0,0,0,0,0,0,0,0.100956938,0,0,0.250502344,0.002921288,0.235638147,53.06534844,61.15124442,0.761351737,31.15394484,0.014801999,0,0,0,0.01783655,0.032489313,0.000485437,0.005044931,0,0.014923547
0.003969731,0.00120919,0,0.002749613,0.001215559,0,0.000145985,0,0,0,0,0,0,0.000447427,5.214621988,0,0,0.276109076,0.026125402,4.119864072,159.2806324,0,3.137034161,87.00187196,0.321354214,0.03985056,0.00063674,0.00110957,0.104634674,0.043843797,0,0.009361912,0,0.005571031,0.044983102,0.157583307,0,0.001187825,0.045062696,0,0.001632653,0,0,0,0,0,0,0,0.089830508,0,0,0.084082207,0.008405716,0.012448549,1.699458226,17.08420209,2.944754181,110.0743388,0.026628431,0.001157742,0,0,0.105441902,0.175351871,0.001724138,0.034036195,0,0.061048441
0.008266015,0.001961484,0,0.001456983,0.01712862,0,0.000370233,0,0,0.000179211,0,0,0,0,0.177619585,0.000337003,0.002371256,6.663200119,22.96628131,0.334525228,6.90880848,3.195652174,0,23.30460377,24.55035611,0.000719424,0.000724047,0.000173717,15.7580138,4.91252726,0.007854774,0.10794125,0.002948403,0.017364793,0.002304567,0.006835147,0.000198511,0,0.003535198,0,0.000353857,0,0,0,0,0,0,0,0.031097135,0,0,0.094083555,0.007610764,0.019475069,0.393166886,0.133051336,0.863669611,0.054058057,0.000113173,0,0,0,0.001479655,0.003025853,0.000351247,0.007817981,0,0.007900019
0.021986009,0.005116725,0,0.013006275,0.01598579,0.000217202,0.000120149,0,0,0,0,0,0,0.000539374,15.82400488,0,0,0.033615652,0.002349782,7.103895078,1.648612504,54.80381879,17.89313208,0,50.1803759,13.09548555,0.013471332,0.00885361,1.085347201,0.429911312,0,0.052106064,0,0.03495951,0.008328273,0.01754101,0.00039116,0.00020659,0.007453416,0,0,0,0,0,0,0.000337952,0,0,0.015417823,0,0,0.013847424,0.002597278,0.002634229,0.238028824,0.884926471,3.546483491,37.69210958,0.009598741,0,0,0,0.043231241,0.035063674,0,0.007870864,0,0.014502433
0.001795117,0.000167238,0,0.00414651,0.0001472,0,0,0,0,0,0,0,0,0,0.043222965,0,0,0,0.000339285,0.004901427,0.003764867,0.594188467,26.57441308,59.62495533,0,64.93854843,27.80189959,11.55172977,71.12662132,0.037982973,0,0.016228154,0,0.004169035,0.000116063,0,0,0,0,0,0,0,0,0,0,0,0,0,0,0,0,0,0,0,0,0,0.003348455,0.217730048,0.000434428,0,0,0,0.000190313,0.000258442,0,0,0,0
0,0,0,0,0,0,0,0,0,0.000262674,0.002279202,0,0,0.001513432,5.144341541,0.000560119,0,0.00015266,0.000127033,0.005319654,0.000519211,0.0124533,0.000359712,11.34881455,67.40638961,0,18.32044478,0.006333409,0.014632431,0,0.00091617,0.000615716,0,0,0,0,0,0,0,0,0,0,0,0,0.001151853,0,0,0.000428082,0.000918274,0,0,0,0,0,0,0,0,0.001559576,0,0,0.001049593,0,0,0,0.000465549,0,0,0
0.110833523,0,0,0.013711152,0,0,0,0,0,0,0,0,0,0,0.00137741,0,0,0,0,0,0.000528961,0,0,0.012157056,32.27781547,21.16047511,0,18.98988506,0.045107466,0.000890736,0,0.00773874,0,10.39318612,0,0,0,0,0,0,0,0,0,0,0,0,0,0,0,0,0,0,0,0,0,0,0,0.000946223,0,0,0.000534759,0,0,0,0,0,0,0
0.323408846,0.000442772,0,3.140295959,0.001301871,0,0,0,0,0,0,0.000796495,0,0,0.000414938,0,0,0,0,0,0,0.00332871,0,0.011906579,18.45904047,0.001357159,14.23356322,0,7.13992333,4.872990815,0,35.59091588,0,15.06687329,0.012870276,0,0,0.008308157,0,0,0,0,0,0,0,0.004783545,0,0,0,0,0,0,0,0,0,0,0,0.000881705,0,0,0,0.000415541,0.000736594,0.000126791,0,0.000150886,0,0.01326624
0.001049098,0.000139753,0,0.000356676,0.001254784,0,0,0.000182576,0.000102664,0.01196144,0.001035465,0,0,0,0.009579855,0.032250347,0.046590202,0.053933356,2.891905441,0.021724438,0.037467056,0.716322114,17.87112217,2.473416947,80.24879819,0.018009145,0.053450226,5.664704272,0,89.66127265,0.030096887,0.388783434,0.002712886,0.003629764,0.000306373,0.000844238,0,0,0.000248339,0,0.000155624,0,0,0,0.000519615,0,0,0,0.002062848,9.66E-05,8.84E-05,0.000588235,0.000138658,0.001431025,0.00137836,0.008149959,0.086831512,0.480631363,0.000192613,0,0,0,0.000941378,0.001329787,0,0.000954488,0,0.001186752
0.023053502,0.001026468,0.000161251,0.005820433,0.006681077,0.0625565,0.000166452,0.004286912,0.001594981,0.25138423,0.00270636,0,0.000149131,0.001081008,0.03084206,0.052800712,3.745302905,0.106915458,21.2816026,0.154076439,0.046682128,0.3766795,4.815216865,2.025904422,0.056038919,0.000147678,0.00415677,2.589839265,82.65756426,0,39.27872632,64.49511285,0.007620257,0.059162812,0.000951777,0.001033821,0,0,0.000259151,0,0,0.000639877,0,8.13E-05,0.001765825,0,0.000149824,0,0.006199986,0.000299491,0.000911494,0.00147008,0.000212947,0.006997832,0.001734355,0.008109162,0.097445039,0.68311672,0.000298582,0,0,0,0.002379064,0.002169023,0.000724061,0.002591947,0.000482276,0.001903056
0.000217037,0,0,0,0.001970443,0.17583603,0,0.005388025,0.002699336,0.351792368,0.005354274,0,0,0.0056899,0.047429171,0.012850679,13.48264136,0.068903936,19.62293247,0.147630005,0.001909308,0.002816901,0.015360447,0.0033867,0.000163921,0,0,0,0.05428434,35.24846913,0,40.23224064,0.020461853,0.001439885,0,0.00045819,0,0,0,0,0,0.000181168,0,0.000129609,0.002523887,0,0,0.000798403,0.011930124,0.000184213,0.002350176,0.003010537,0.000526343,0.01871345,0,0,0,0.000888889,0,0,0,0,0,0.000127235,0.003452741,0.004545455,0.004289216,0.00529405
3.058289429,0.012376805,0,0.893846154,0.35632262,0.232874151,0.008261999,0.002717992,0.00087628,1.840615054,0.001967674,0.000147124,0.000933053,0.012911375,0.129181601,2.242110078,15.32079729,0.486540379,1.04593468,0.833572748,0.114535383,0.111685965,0.43295992,0.290683066,0.006145573,0.001077503,0.03544343,24.73345286,0.645729077,66.58494757,25.55157153,0,29.38197211,48.06874595,0.003158697,0.000461823,0,0.003148462,0.000134363,0,0.000163392,0.000195402,0,8.31E-05,0.000705517,0.002038736,0,0.001319938,0.029126942,0,0.008133882,0.007795199,0.001230725,0.057440989,0.002107164,0.00114053,0.013234246,0.096897964,0,0.000302206,0,0.000149421,0.00054181,0.001150086,0.008144182,0.01988363,0.005550416,0.018711019
0.004034291,0.000629129,0,0.000351494,0.04743083,0.006195989,0.00191585,0,0,0.080655325,0.000925926,0,0,0.005067957,0.025847214,3.245827787,4.322126386,0.027147088,0.050138523,0.058442914,0.004815961,0.000882223,0.004914005,0.001150969,0,0,0,0,0.001657875,0.028575964,0.237357498,21.14658035,0,25.61338817,0,0,0,0,0,0,0,0,0,0.000141363,0.000938086,0,0,0.000536625,0.004690707,0.000417798,0.000870928,0.001420903,0.000112892,0.007526444,0,0,0,0,0,0,0,0,0,0,0.000596837,0.00268524,0.003028773,0.003240616
34.01292332,0.045229857,0.000875146,5.353201924,38.30864198,59.41064639,0.034949145,0.001951659,0.001960489,22.39852053,0.003682443,0,0,0.000432246,0.005479452,24.35177112,9.984516129,0.030581756,0.024553571,0.057951018,0.022762148,0.014206128,0.032873807,0.04661268,0.002779357,0,8.236719243,6.343306711,0.000549964,0.030380903,0.028797696,47.51123165,32.8662601,0,0.049981294,0,0,0.00590329,0.000202265,0.036927622,0,0.000700144,0.0016974,0.003462568,0.002179361,0.000773595,0,0,0.002162422,0,0,0.000341278,0.000176764,0.002034588,0.000241225,0.000274801,0.002320978,0.015028902,0,0,0,0.003576538,0.001982392,0.001343739,0.000242014,0.001663696,0.000290107,0.065102687
0.194159764,0.001896134,0.029308466,0.334055315,0.00017984,0,0.001106362,7.13E-05,0,9.71E-05,0.000188076,0.0030006,0,0,0.00040833,0,0,0,0,0.000251636,0.012796877,0.020277357,0.000970344,0.010583847,0,0,0,0.003881512,0,0.000105753,0,0.00185165,0,0.129143285,0,63.01702852,12.61781609,43.15139319,18.0481885,0.21319382,8.768015322,0.000442641,0,0,0.000189072,0.035164355,0,0,0.001645244,0.000125881,0,0.002423348,0.00116521,0.002353524,0.000825423,0.001613089,0.01046729,0.035311094,0.002884193,0.000414938,0.002178649,5.911533354,0.273501509,0.388626506,0,4.914047502,0,42.63425656
0.00067598,0.002425418,0.014547974,0.002411818,0,0,0.007716156,0.000441014,0,0,0,0,0,0,0.00768188,0,0,0.000458015,0.000127041,0.004180125,0.073747079,0.134537527,0.004137063,0.079584213,0,0,0,0,0.000703532,0.000738443,0,0.000769704,0,0.000250156,58.53533418,0,0.10731053,0.009536424,44.88798784,0.05041527,10.14875927,0.003679853,0,0,0,0,0,0,0.035820896,0.00019015,0,0.041727887,0.009860665,0.027097253,0.009717723,0.01631913,0.090636704,0.165028857,0.001323377,0.001873536,0,0,0.000606888,0.009882965,0.000931315,0.143690226,0.000683761,0.694850299
0.003575077,0.001948685,4.708627238,1.272271914,0,0,0.007571821,0.043086311,0,0,0,0.001116071,0,0,0,0,0,0,0,0,0,0,0,0,0,0,0,0,0,0,0,0,0,0,16.21000958,0.061703555,0,21.0682447,0,0,6.917973879,1.550251256,0,0,0,0.00583303,0,0,0,0,0,0,0,0,0,0,0,0.000745295,0,0,0,0,0,0.000139509,0,0,0,0.000547495
0.176612903,0.001830783,0.525970987,52.57491632,0.000215633,0,0.020400244,0.397572426,0,0,0,26.37806673,0.003234937,0.000227041,0,0,0,0,0,0,0,0,0,0,0,0,0,0.000755287,0,0,0,0.000968758,0,0.009375814,47.89473684,0.000794702,23.95173686,0,0,0,0.101896108,7.453134896,0,0,0,44.29325674,0.041321191,0.004148871,0,0,0,0,0,0.00013986,0,0,0,0.000201309,0.000425441,0,0.000272702,0.370137228,0.072189632,0.049407533,0,0.052120842,0,0.850597945
0.000185718,0.000332447,0,0,0,0.001783724,0.023403218,0.030283295,0.00035759,0,0,0,0,0,0.006646621,0,0,0.000933769,0.000226809,0.00499235,0.038300836,0.071316614,0.002459268,0.053664596,0,0,0,0,0.000745018,0.000259151,0,0.000806181,0,0.000606796,17.73266011,51.64554823,0.000820513,0,0,53.16857012,21.55227482,0.575805018,0.003858521,0.054400942,0.00028165,0,0.001047852,0.000609385,0.030409731,0.000161147,0.000419024,0.056368913,0.010606724,0.034414713,0.007401448,0.006920415,0.077785731,0.105491329,0.00208467,0.005516794,0,0,0.00185738,0.006484108,0.000646412,0.155483259,0,28.63126037
0,0,0,0,0.004191896,0.558200525,0.548985708,1.245374726,0.05012366,0.006864482,0.000987532,0,0.000297089,0,0,0.000295247,0,0,0,0.000299334,0,0.000330688,0,0.00022237,0,0,0,0,0,0.000122108,0,0.00012635,0,0.011447563,0.201912859,0.099373452,0,0,59.16445866,0,18.23714037,3.219188672,50.96288782,24.27207318,0.00149161,0,0.002098951,0,0,0.008835642,0.096835485,0.004377166,0.028748197,0.001763021,0,0,0.000147962,0.000216263,0,0,0,0,0,0.025031564,0.034212002,1.334182698,0,41.84946813
0.000392831,0.00486805,0.007651642,0.005959278,0.000348028,0.008079285,0.066220581,0.176033251,0.002598402,7.49E-05,0.000119382,0.000372278,0,0,0.001131008,0,0,8.13E-05,0,0.000726777,0.000912647,0.001632653,0.000265393,0.002720163,0,0,0,0,0,7.99E-05,0,0.000163392,0,0.000307945,11.68158966,15.10602643,7.606108769,0.237512474,21.61982996,24.74923714,0,28.35565319,17.08295493,0.119258117,0,0.001309243,0.001435844,0.000247525,0.002777076,0.00018176,0.000250889,0.014740449,0.002388139,0.007545475,0.000885459,0.000675767,0.008119446,0.00547486,0,0.000507646,0,0,0.000162134,0.000669917,0.000126711,0.010513347,0,0.186702959
0.001654757,0.014654028,0.021455269,0.050435354,0.003238866,0.521076197,0.710105805,41.11990889,0.031177102,0.525788531,2.360779876,9.011010653,4.745892915,0.2987956,0.012827462,0.009217238,0.001265823,6.49E-05,5.98E-05,0.028966006,9.27E-05,9.56E-05,0,8.38E-05,0,0,0,0,0.000125282,0.001151779,0.000181168,0.000260535,0,0.002100432,0.003909996,0.002391904,1.567356011,8.286732109,0.426437608,3.113154575,31.0746637,0,40.83883771,16.33347558,10.68501876,14.21924562,28.29331229,6.017064999,0.13113417,0.012964012,0.003185136,0.000957671,0.001539561,0.191084591,0,0,0.00028175,0.000165803,0,0,0,0,0,0.001873451,0.001181335,0.002485691,0,0.046424187
0,0,0,0,0.000186619,0.155110853,0.011806375,0.664375384,0.015849639,0.043579458,0.16285435,0,0,0.000195103,0,0.000382726,0.000463177,0.000110705,0,0,0,0,0,0,0,0,0,0,0,0.000108061,0,0,0,0.000617236,0,0,0,0,0.164262747,62.18835066,19.81270446,36.58166704,0,34.69997009,0.226459603,0,0.000227299,0.000207533,0.000214569,0.014983208,0.001264949,0.000215308,0.00203166,0,0,0,0,0,0,0,0,0,0,0.001277892,0.000431919,0,0,0.001952538
0,0,0,0,0.000951418,0.19092763,0.050428052,9.161672742,0.007465986,10.04624805,28.57868953,0,0,0.158889365,0.000129099,0.638196262,0.001198015,0.002400066,0.000373009,0.000741015,0,0,0,0,0,0.000265024,0,0,0.000158228,0.000162549,0.000259218,8.31E-05,0,0.002518231,0,0,0,0,0.100206064,25.87305483,0.030322411,19.05377065,31.57413501,0,81.38466265,0,0.000134237,0.017792464,0.001945399,84.0726464,3.530052784,0.092876246,0.795128843,0.026004945,0,0,0.000551826,0,0,0.000130412,0,0,0.015753877,0.764425622,0.233187943,2.939440799,0.265742263,21.81695509
0,0,0,0,0,0.001937281,0,19.49147001,0.002863962,30.1042111,170.2686938,0,0.004333268,6.40946343,0.000356633,13.11342807,0.016162515,0.225738692,0.003781388,0.249231295,0,0.00045527,0,0,0,0.000767902,0,0,0.006625097,0.006927465,0.002884442,0.001128827,0,0.000653808,0.000189072,0.000384025,0,0,0.00028165,0.005220634,0.000119782,7.05584155,0.026931394,50.76588423,0,0,0.009172483,41.64975226,0.001444826,33.4774359,0.098912404,8.194403136,0.051607701,7.618832581,0,0,0,0,0,0.001467351,0.001201923,0,0.000417711,0.013524937,0.024465949,0.012675354,0.030679328,0.198489299
0.013430589,0,0.012084592,15.97935887,0,0,0.003082096,0.283740417,0,0,0.00039801,121.2298929,13.30525164,0.057867618,0.010508717,0,0,0,0,0.006027024,0.00110742,0.001345895,0,0.000337952,0,0,0,0.000956709,0,0.000150342,0,0.000627303,0,0.005673027,0.186742383,0,0.024061247,38.20653809,0.000352113,0.000301932,0.001440168,17.18813078,0,0,0,0,32.17640512,2.259927798,0.142857143,0,0,0,0,0.050868369,0,0,0.000574658,0.000972132,0,0,0,0.034449761,0.006644518,0.014265901,0.000493097,0.019331326,0,0.040685489
0,0,0,0.004657662,0,0,0.002234325,2.243483676,0,0.000133032,0.0836127,5.020067644,62.31928687,2.626472899,0.112449799,0,0.000165112,0,0,0.216200523,0,0,0,0,0,0,0,0,0.000142643,0,0,0.000156262,0,0,0,0,0,0.019029496,0.000698568,0.003898051,0.000913719,20.85199796,0,0.000134237,0.012362911,40.28046745,0,44.9361322,1.808265257,0,0.001307938,0.000447127,0.000649808,0.789568175,0,0,0,0,0,0.000490557,0,0,0,0.000131692,0.003900536,0.000789391,0,0.001961505
0,0,0,0,0,0,0.000263852,0.058233276,0,0.016381048,7.341343713,0.112270055,1.951982379,113.0448567,0.404653914,0.018668545,0.000772141,0.02633685,0,1.015486528,0,0,0,0.000588062,0,0,0,0,0.000134599,0.000422922,0.000798403,0.000439979,0.000536625,0,0,0,0,0.000488103,0,0.000532765,0.000123762,4.590037972,0,0.008896232,42.95404066,0.820397112,31.13934792,0,16.6836,0.015049718,0.001836126,0.01781581,0.000725201,19.47692847,0,0,0,0,0,0.006103764,0,0,0,0,0.004453441,0.001480823,0,0.002668149
0.000434546,0,0,0,0.000328947,0,0,0.001304121,0,0.000642839,0.042195602,0.002017349,0.050189394,25.58247239,57.82923239,0.000905797,0.002057776,0.032913843,0.00149328,4.112943344,0.031100478,0.028248588,0.007162823,0.008633981,0,0.000918274,0,0,0.00041257,0.0020186,0.001704303,0.0027025,0.001759015,0.000240269,0.000411311,0.002296211,0,0,0.000960307,0,0.000126231,0.011690607,0,0.000259387,0.002889651,0.012147716,0.268620855,16.1596,0,0.000368766,0.002352019,0.01735887,0.001579862,46.61503827,0.077402709,0.219901045,0.001453356,24.25400593,0.098826549,14.31224179,0,0,0.00059211,0.005601884,0.019896194,0.024260804,0.004917025,0.011522065
0,0,0,0,0,0.000589579,9.52E-05,0.004114239,0,6.275519131,15.53130316,0,0,0.104271037,0,3.082485613,0.002872646,0.041445488,0.000629638,0.000822658,0,0,0,0,0,0,0,0,0.000965904,0.000898473,0.000552639,0.000102648,0,0,0,0,0,0,0.000805737,0.049269936,0.000454401,0.00311703,0.010074916,57.2813195,54.12239316,0,0,0.005912389,0.000921914,0,53.14240406,19.21159968,0.597407761,0.746814918,0,0,0.000349406,0,0,0,0,0,0.008539189,0.095098756,0.019097061,3.757866997,3.36370394,24.21371783
0,0,0,0,0,0.002196808,0.000436395,0.003218021,0,0.035467897,0.195989461,0,0.000162668,0.011545488,0.121160143,0.049290984,0.015164687,0.089209302,0,0.163267463,0,0,0,0,0,0,0,0,8.84E-05,0.003645976,0.005483745,0.008040389,0.000174186,0,0,0,0,0,0.000419024,0.37908668,0.000250889,0.006502986,0.001954922,2.822322493,0.14021164,0,0.00147143,0.040853798,0.142218738,63.02209536,0,8.33327276,34.05912786,1.288694201,0,0,0,0,0,0,0,0,0.004540821,2.071236333,9.068609689,26.18832604,9.173686534,16.37337313
0.000216661,0.00014589,0,0,0.000130404,0.00168037,0,0.000309972,0,2.333696046,8.568619529,0,0,0.029722278,0.0779332,2.712913238,0.01580486,0.808516266,0.004105965,1.824085123,0.151224232,0.091427678,0.054769379,0.035571365,0,0.000146918,0,0,0.001092437,0.006139744,0.00516092,0.006289308,0.000789391,0.000341278,0.002212622,0.014105201,0.000159134,0,0.012512093,0.017873427,0.004701008,0.000255379,0.000322963,0.154631656,18.9905367,0,0,0.098618223,0.106161681,24.68752487,7.283300018,0,77.28350917,40.59660151,9.566292781,0.300116324,8.031876049,0.033256236,0.000297545,0.004330254,0,0,0.016250878,0.800288392,0.995893668,0.61086114,0.058828231,0.281333631
0,0,0,9.40E-05,0,0.000644834,0.000137226,0.002412287,0,0.016677271,0.071464469,0,0,0.003213013,0.01930745,0.017912803,0.001633259,0.025456119,0.000460875,0.063195548,0.003678658,0.00975063,0.006057547,0.006252705,0,0,0,0,6.93E-05,0.000780806,0.000526343,0.000723956,0,0,0.002746567,0.010503751,0,0,0.008173989,0.177420105,0.001592093,0.00329906,0.001608398,0.974635,0.069851829,0.000108572,0.000649808,0.008702409,0.030649323,0.83754771,33.79076127,80.30298095,0,1.050452578,0.05845115,0.00245221,16.86568697,0.00171062,0.012374569,0.000528989,0,0,3.19664941,43.14693143,22.57055312,1.455682851,0.006378495,0.075878872
0.001023934,0,0,0.000747161,0.000479962,0.004339336,0,0.011418862,0.000124665,0.214132957,18.11586482,0.002636667,0.107656177,5.187203988,29.94040802,1.517553405,0.102644836,0.991133501,0.008269239,104.3931466,0.324120366,0.018271258,0.015669595,0.009142326,0.000107458,0.001484643,0,0,0.003052853,0.028779815,0.053261359,0.106169588,0.015256306,0.001898949,0.003716091,0.020415739,0.000205508,0.00013986,0.015155103,0.007345919,0.003503256,0.038750439,0,0.022708543,8.009700619,0.009680175,0.359066427,16.34830575,53.19063485,0.365068334,0.551209846,27.27217366,0.847619048,0,40.01553468,7.482851178,0.00734366,4.615302789,0.002077442,0.106352087,0.000568182,0,0.003110576,0.709444193,3.000090539,1.644485238,0.191627907,0.455231788
0,0,0,0,0.000330743,0,0.000135035,0,0,0,0,0,0,0.000358359,0.094451504,0,0,0.373096447,0.02718374,24.62779523,36.59657584,1.678357571,0.340954884,0.297226096,0.000329001,0.000462642,0,0,0.000964852,0.001156236,0.000858185,0.001354606,0.000592066,0.000482451,0.001031779,0.00370199,0,0,0.00160901,0,0.000252988,0,0,0,0,0,0,0.000402658,0.217587616,0,0,11.15962036,0.007913062,34.92774566,0,45.93287101,6.842930029,3.334128522,0.001103448,0.002628121,0,0,0.00044517,0.005486093,0,0.007752527,0,0.005320379
0.000490256,0.000587199,0,0.000676018,0.001191895,0,0.000144949,0,0,0,0,0,0,0,1.048260987,0,0,0.092707744,0.00306136,3.92231624,87.42310147,38.65838011,0.088829071,1.568382353,0.002871243,0,0,0,0.004445432,0.002807018,0,0.000814664,0,0.001374004,0.004839267,0.014505893,0,0.000292697,0.00307574,0,0.000135153,0,0,0,0,0,0,0,0.306212205,0,0,0.274990306,0.001003177,3.896212347,35.03578363,0,9.138612868,51.37442922,0.031636585,0.000562905,0,0,0.004813478,0.008593057,0.000558971,0.005928854,0,0.008122625
0.00128783,0.00018558,0,0.000451535,0.000806127,0,9.45E-05,0,0,0,0.000167813,0,0,0,0.049819495,0,0,0.131922649,0.017859535,0.0112922,0.490623513,1.843081602,0.451358803,4.771368355,0.002916397,0,0,0,0.043511597,0.024163201,0,0.004886491,0,0.002047921,0.018068536,0.053932584,0.000622665,0.000140805,0.033723057,0,0.0050521,0.000140875,0,9.20E-05,0.000168606,0,0,0,0.021800345,0.000232937,0,12.15099181,17.49119065,0.020654045,8.974125364,11.58546623,0,28.95553004,19.03719608,0.000915416,0,0,21.06886469,2.898248162,0.002009316,0.209069946,0.00020879,0.133431085
0.006748957,0.003687769,0.000379363,0.002661049,0.007374631,0,0,0,0,0,0,0,0,0,1.52224343,0,0,0.092218276,0.000882613,1.068546201,41.37042976,59.67691208,0.088566351,48.34699134,0.031585597,0.003119152,0.000630815,0,0.180974758,0.108746154,0,0.016778305,0,0.012331407,0.063492063,0.105131805,0.001490591,0.003623553,0.040703276,0,0.001564246,8.29E-05,0,0,0,0.001296176,0,0.000283447,25.69673591,0,0,0.026629993,0.000950344,5.417673429,3.605486805,40.18440464,19.90156908,0,66.1726319,12.61006762,0.000968523,0,0.391983041,0.485786659,0.002694611,0.03699331,0,0.074895203
0,0,0,0.000454994,0,0,0,0,0,0,0,0,0,0,0.006193642,0,0,0,0,0.001990749,0.040561323,0.03809914,0.000113173,0.031471282,0.000868857,0,0,0,0.00028892,0,0,0,0,0,0.011160574,0.003213914,0,0.002410835,0.000481078,0,0,0,0,0,0,0.000386847,0,0,0.032086542,0,0,0.000396727,0.021258874,0.001038721,0.003862069,0.044412898,18.74833169,74.25763653,0,72.04083895,27.07594326,9.407400656,81.11770965,0.094743081,0.000184366,0.002060369,0,0.023485204
0,0,0,0,0,0,0,0,0,0,0,0,0,0.000723458,0.011134904,0,0,0,0,0.001485608,0.0004884,0.001736614,0,0.000624902,0,0,0,0,0,0,0,0,0,0,0,0,0,0,0,0,0,0,0,0.000130412,0.000733676,0,0,0.002034588,6.136551424,0,0,0.000433025,0,0.024319419,0,0.000562905,0.000183083,13.90864012,55.51584588,0,21.75185002,0.003431267,0.287203933,0.000256016,0,0.000457841,0,0.000232721
0,0,0,0.000311624,0,0,0,0,0,0,0,0,0,0,0.000475059,0,0,0.000155231,0,0.000193986,0,0,0,0,0,0.000524797,0,0,0,0,0,0,0,0,0.003485839,0,0,0.000272702,0,0,0,0,0,0,0.001201923,0,0,0,0,0,0,0,0,0.000189394,0,0,0,0.001291364,21.79504005,21.21558954,0,59.79443255,0.335955576,0,0,0,0,0.021637571
0.001078865,0,0,0.084815711,0,0,0,0,0,0,0,0.001194981,0,0,0,0,0,0,0,0,0,0,0,0.000305344,0,0,0,0.000831082,0,0,0,0.000298842,0,0.037911302,14.75738073,0,0,2.570313484,0,0,0,0,0,0,0,0.151196172,0,0,0,0,0,0.000142806,0,0,0,0,0,0.000293945,8.334305505,0.003002359,48.41446586,0,15.32979742,7.06587206,0,14.58080579,0,18.35182432
0.000332742,0,0,0.017859405,0,0,0,0,0,0.000164049,0.000416089,0,0,0,0.002208806,0.000100669,0,8.99E-05,8.03E-05,0.00071131,0.022295687,0.051427185,0.00108508,0.057728727,9.52E-05,0,0,0.000441956,0.000513479,0.000176227,0,0.000451508,0,0.010611626,0.272854679,0.002275831,0.000329544,0.092781037,0.00199005,0,0.000162134,0,0,0.013279446,0.001113896,0.006953566,0,0,0.00177633,0.011385585,0,0.029866479,1.570391142,0.005719446,0.00118712,0.008824709,21.46592055,0.16779084,78.35946288,0.192313422,0.07990128,11.83631676,0,73.44253342,0.003717196,0.226279693,0.000165549,0.473209185
0.000395452,0.000129224,0,0.006004003,0.00023385,0.000217026,0,0.001469335,0,0.006019337,0.022987122,0,0,0.002283791,0.009632446,0.00489463,0.000338123,0.006542897,7.38E-05,0.044972578,0.061690233,0.099553725,0.001423931,0.083604591,0,0,0,0.000253582,0.001016896,0.000883676,0.000127235,0.000739341,0.000138543,0.00434131,0.427084337,0.020156047,0,0.069826492,0.005326232,0.054674205,0.000595482,0.001994319,0.001376192,0.652045678,0.024876223,0.005944125,0,0.00224649,0.02431727,0.10607169,0.553826745,0.985980934,31.37455854,0.928061455,0.009696351,0.010093432,3.876735954,0.26996904,0.075593854,0.00140809,0,5.363215622,74.139224,0,37.47459902,64.87730745,0.010364871,0.66636216
0,0,0,0,0,0.001633542,0,0.001307531,0,0.008905524,0.114946684,0,0.000960615,0.014764134,0.18743344,0.015118397,0.009701789,0.048769541,0.000374719,0.2704956,0.001941748,0.002873563,0,0.000933707,0,0,0,0,0.000138093,0.001592933,0.007768666,0.006183546,0.003581021,0,0.000206932,0.000465658,0,0,0,0.144699944,0.000126711,0.002090054,0.000863838,0.255842719,0.040533139,0.000986193,0.002437835,0.03805668,0.173010381,0.027440438,13.4314297,1.558965492,19.41645095,3.519963785,0.001306905,0.001117943,0.003287972,0.003293413,0,0.002203128,0,0,0.001932942,38.67339766,0,38.03625286,0.025046963,0.086552964
0.000225848,0,0,0.006723124,0.000822707,0.000628457,0.000256959,0.000444303,0,0.006898845,0.0351798,0.000445666,0.000471328,0.010906516,0.171480281,0.008595109,0.013622818,0.038659676,0.000569615,0.279944218,0.025224657,0.057778516,0.003107146,0.064701174,9.66E-05,0,0,0.000150886,0.001128032,0.004737007,0.008333333,0.015851927,0.001510447,0.002257873,3.588173989,0.086307441,0.000169248,0.139395789,0.066287109,0.835393044,0.00476386,0.000915781,0,3.953358131,0.01466923,0.02313421,0.000789391,0.015548645,0.158756634,3.022063763,23.00587931,1.025170401,0.562793235,2.841262557,0.005168351,0.011198946,0.15116577,0.126984127,0.002987535,0.008241129,0.000158165,11.237815,0.045964482,60.78794136,25.04325971,0,43.04251701,63.81984289
0,0,0,0,0,0.002008032,0,0,0,0.004105904,0.036031708,0,0,0.005736138,0.07037594,0.006451613,0.003391343,0.009667472,0.000273187,0.053050398,0,0,0,0,0,0,0,0,0,0.001125311,0.005514706,0.002018333,0,0,0,0,0,0,0.00124533,0,0.000277508,9.69E-05,0,0.196697877,0.030679328,0,0,0.010644258,0.052243393,1.041308272,7.522825607,0.062025418,0.003872658,0.371886305,0,0,0.00020879,0,0,0,0,0,0,0.002381119,0.035691922,31.0207483,0,33.18885363
0.001969697,0.00023677,0,0.11078664,0.000198511,0.007016928,0.058071023,0.025926886,0.000146875,0.059843486,0.315602837,0,0,0.00811739,0.101942857,0.072098437,0.011665664,0.064279155,0.000597997,0.115151515,0.016636086,0.033974784,0.002072136,0.029768152,0,0,0,0.001143641,0.000431546,0.003694168,0.006214754,0.007738508,0.001620308,0.061206267,41.79591837,2.24742515,0.000547495,1.388411656,29.73386703,53.27540896,0.214930188,0.105125844,0.000450586,18.50236918,0.318086446,0.010109728,0.000245188,0.023346304,0.144717133,20.5949333,13.30447761,0.469223907,0.072485207,0.783443709,0.010409438,0.006550504,0.082644628,0.056823475,0.004965443,0.007679777,0.014752889,8.730412902,0.09653833,0.364494519,0.11602274,56.07995345,38.6759553,0
